system	stratum	TP	FP	FN	truth_total	sensitivity	precision	additional_FP	rescued_original_FN	lost_original_TP
ORIGINAL_ONCOMINE	ALL	37	1	27	64	0.578125	0.9736842105	0	0	0
A1_VCF_CONTEXT	ALL	37	1	27	64	0.578125	0.9736842105	0	0	0
A2_VCF_BAM	ALL	37	1	27	64	0.578125	0.9736842105	0	0	0
A3_VCF_BAM_FLOW	ALL	39	2	25	64	0.609375	0.9512195122	1	2	0
A4_PAIRED_NA	ALL	38	2	26	64	0.59375	0.95	1	1	0
ORIGINAL_ONCOMINE	HP	2	0	18	20	0.1	1.0	0	0	0
A1_VCF_CONTEXT	HP	2	0	18	20	0.1	1.0	0	0	0
A2_VCF_BAM	HP	2	0	18	20	0.1	1.0	0	0	0
A3_VCF_BAM_FLOW	HP	4	1	16	20	0.2	0.8	1	2	0
A4_PAIRED_NA	HP	3	1	17	20	0.15	0.75	1	1	0
ORIGINAL_ONCOMINE	NON_HP	35	1	9	44	0.7954545455	0.9722222222	0	0	0
A1_VCF_CONTEXT	NON_HP	35	1	9	44	0.7954545455	0.9722222222	0	0	0
A2_VCF_BAM	NON_HP	35	1	9	44	0.7954545455	0.9722222222	0	0	0
A3_VCF_BAM_FLOW	NON_HP	35	1	9	44	0.7954545455	0.9722222222	0	0	0
A4_PAIRED_NA	NON_HP	35	1	9	44	0.7954545455	0.9722222222	0	0	0
